"item_name","datetime","ducats_per_platinum","ducats","wa_price","ducats_per_platinum_wa","position_change_month","position_change_week","position_change_day","volume"
"Akbolto Prime Barrel","2021-09-12 00:00:00","5.62","45","7.91","5.69","-1","-4","-10","144"
"Akbolto Prime Blueprint","2021-09-12 00:00:00","3.0","15","4.35","3.45","-10","-8","1","152"
"Akbolto Prime Link","2021-09-12 00:00:00","9.0","45","4.54","9.91","-2","6","-1","163"
"Akbolto Prime Receiver","2021-09-12 00:00:00","5.0","100","19.89","5.03","1","0","-7","90"
"Akbolto Prime Set","2021-09-12 00:00:00","4.43","350","84.73","4.13","-7","-12","3","541"
"Akbronco Prime Blueprint","2021-09-12 00:00:00","5.0","15","3.46","4.33","-11","17","3","151"
"Akbronco Prime Link","2021-09-12 00:00:00","11.25","45","4.37","10.3","-11","-3","8","158"
"Akbronco Prime Set","2021-09-12 00:00:00","4.0","60","16.09","3.73","-11","-10","3","217"
"Akjagara Prime Barrel","2021-09-12 00:00:00","5.0","100","19.54","5.12","4","0","4","107"
"Akjagara Prime Blueprint","2021-09-12 00:00:00","3.75","15","3.89","3.86","0","5","-3","199"
"Akjagara Prime Link","2021-09-12 00:00:00","9.0","45","4.97","9.06","0","-9","0","213"
"Akjagara Prime Receiver","2021-09-12 00:00:00","4.5","45","9.0","5.0","8","1","11","144"
"Akjagara Prime Set","2021-09-12 00:00:00","3.93","350","87.56","4.0","-3","7","1","533"
"Aklex Prime Blueprint","2021-09-12 00:00:00","4.5","45","11.65","3.86","10","-23","-35","412"
"Aklex Prime Link","2021-09-12 00:00:00","2.22","100","48.62","2.06","41","-8","-15","216"
"Aklex Prime Set","2021-09-12 00:00:00","2.34","145","60.25","2.41","43","11","3","433"
"Aksomati Prime Barrel","2021-09-12 00:00:00","5.62","45","7.46","6.03","-15","-2","-9","215"
"Aksomati Prime Blueprint","2021-09-12 00:00:00","7.5","15","2.3","6.52","58","59","6","177"
"Aksomati Prime Link","2021-09-12 00:00:00","6.67","100","15.14","6.6","20","34","8","366"
"Aksomati Prime Receiver","2021-09-12 00:00:00","3.0","15","4.53","3.31","0","9","-8","166"
"Aksomati Prime Set","2021-09-12 00:00:00","5.22","235","44.77","5.25","10","2","-4","338"
"Akstiletto Prime Barrel","2021-09-12 00:00:00","1.25","25","19.65","1.27","-5","-5","0","89"
"Akstiletto Prime Blueprint","2021-09-12 00:00:00","6.67","100","16.09","6.22","5","0","-12","126"
"Akstiletto Prime Link","2021-09-12 00:00:00","4.5","45","9.37","4.8100000000000005","16","-1","-5","170"
"Akstiletto Prime Receiver","2021-09-12 00:00:00","1.6099999999999999","45","28.51","1.58","-12","7","-1","120"
"Akstiletto Prime Set","2021-09-12 00:00:00","1.97","285","148.03","1.9300000000000002","2","-5","3","367"
"Akvasto Prime Blueprint","2021-09-12 00:00:00","1.25","100","84.56","1.18","-25","-14","-5","122"
"Akvasto Prime Link","2021-09-12 00:00:00","1.88","45","24.94","1.8","-35","-44","2","266"
"Akvasto Prime Set","2021-09-12 00:00:00","1.21","145","116.45","1.25","-29","-7","1","282"
"Ankyros Prime Blade","2021-09-12 00:00:00","8.12","65","8.52","7.63","164","9","3","231"
"Ankyros Prime Blueprint","2021-09-12 00:00:00","2.14","15","7.37","2.04","59","16","13","166"
"Ankyros Prime Gauntlet","2021-09-12 00:00:00","1.5","15","12.14","1.24","31","-15","-11","161"
"Ankyros Prime Set","2021-09-12 00:00:00","1.77","175","112.8","1.55","45","0","5","294"
"Ash Prime Blueprint","2021-09-12 00:00:00","1.12","45","40.54","1.11","-16","-9","0","162"
"Ash Prime Chassis","2021-09-12 00:00:00","0.6000000000000001","15","26.25","0.5700000000000001","-17","-16","-2","208"
"Ash Prime Neuroptics","2021-09-12 00:00:00","4.5","45","12.11","3.71","-13","-8","2","542"
"Ash Prime Set","2021-09-12 00:00:00","0.77","170","227.21","0.75","-16","-13","2","638"
"Ash Prime Systems","2021-09-12 00:00:00","0.47000000000000003","65","136.75","0.48","-15","-16","1","129"
"Astilla Prime Barrel","2021-09-12 00:00:00","10.0","100","9.8","10.2","27","9","0","168"
"Astilla Prime Blueprint","2021-09-12 00:00:00","7.5","45","6.98","6.45","8","1","2","226"
"Astilla Prime Receiver","2021-09-12 00:00:00","0.9400000000000001","15","16.18","0.93","-5","-7","-2","188"
"Astilla Prime Set","2021-09-12 00:00:00","3.73","205","54.6","3.75","11","7","20","235"
"Astilla Prime Stock","2021-09-12 00:00:00","6.43","45","7.47","6.02","20","8","7","249"
"Atlas Prime Blueprint","2021-09-12 00:00:00","3.75","15","3.77","3.98","-2","34","-1","406"
"Atlas Prime Chassis","2021-09-12 00:00:00","9.0","45","4.8","9.38","1","6","1","264"
"Atlas Prime Neuroptics","2021-09-12 00:00:00","3.33","100","31.05","3.22","-98","-5","0","229"
"Atlas Prime Set","2021-09-12 00:00:00","4.18","205","47.02","4.36","-47","38","1","2012"
"Atlas Prime Systems","2021-09-12 00:00:00","9.0","45","4.63","9.72","3","1","-14","497"
"Ballistica Prime Blueprint","2021-09-12 00:00:00","5.0","100","19.29","5.18","-10","2","0","72"
"Ballistica Prime Lower Limb","2021-09-12 00:00:00","1.67","15","8.95","1.6800000000000002","-3","-1","-6","128"
"Ballistica Prime Receiver","2021-09-12 00:00:00","7.5","45","6.83","6.59","10","4","2","160"
"Ballistica Prime Set","2021-09-12 00:00:00","3.5700000000000003","250","71.0","3.52","-18","-8","-6","430"
"Ballistica Prime String","2021-09-12 00:00:00","4.5","45","9.66","4.66","-1","-3","10","91"
"Ballistica Prime Upper Limb","2021-09-12 00:00:00","5.0","45","8.84","5.09","-9","-3","-8","140"
"Banshee Prime Blueprint","2021-09-12 00:00:00","5.62","45","7.63","5.89","13","12","-1","467"
"Banshee Prime Chassis","2021-09-12 00:00:00","3.33","100","30.71","3.26","14","4","8","125"
"Banshee Prime Neuroptics","2021-09-12 00:00:00","2.5","15","6.97","2.15","0","6","3","371"
"Banshee Prime Set","2021-09-12 00:00:00","2.5","225","97.38","2.31","-11","2","-3","1074"
"Banshee Prime Systems","2021-09-12 00:00:00","1.62","65","43.75","1.49","11","-9","4","161"
"Baza Prime Barrel","2021-09-12 00:00:00","11.25","45","4.1","10.98","3","-1","1","359"
"Baza Prime Blueprint","2021-09-12 00:00:00","10.0","100","9.46","10.58","6","13","32","292"
"Baza Prime Receiver","2021-09-12 00:00:00","3.75","15","4.04","3.71","9","13","2","190"
"Baza Prime Set","2021-09-12 00:00:00","8.67","260","31.85","8.16","10","0","-1","391"
"Baza Prime Stock","2021-09-12 00:00:00","5.5600000000000005","100","17.51","5.71","28","12","-8","147"
"Bo Prime Blueprint","2021-09-12 00:00:00","0.88","15","18.35","0.8200000000000001","-18","-14","0","200"
"Bo Prime Handle","2021-09-12 00:00:00","1.5","45","29.59","1.52","-15","4","-4","95"
"Bo Prime Ornament","2021-09-12 00:00:00","0.15","15","99.75","0.15","-14","-14","0","72"
"Bo Prime Set","2021-09-12 00:00:00","0.32","90","285.18","0.32","-14","-14","0","189"
"Boar Prime Barrel","2021-09-12 00:00:00","2.25","45","19.72","2.2800000000000002","7","3","-5","96"
"Boar Prime Blueprint","2021-09-12 00:00:00","1.0","15","16.2","0.93","-31","-14","1","128"
"Boar Prime Receiver","2021-09-12 00:00:00","1.5","15","10.2","1.47","7","9","13","211"
"Boar Prime Set","2021-09-12 00:00:00","1.47","175","118.53","1.48","-3","-11","-6","221"
"Boar Prime Stock","2021-09-12 00:00:00","1.96","100","52.41","1.9100000000000001","3","-5","-3","59"
"Boltor Prime Barrel","2021-09-12 00:00:00","1.5","15","9.49","1.58","78","-2","-4","152"
"Boltor Prime Blueprint","2021-09-12 00:00:00","7.14","100","14.19","7.05","52","-6","-6","156"
"Boltor Prime Receiver","2021-09-12 00:00:00","9.0","45","4.84","9.29","133","4","2","179"
"Boltor Prime Set","2021-09-12 00:00:00","3.89","175","51.52","3.4","118","123","28","263"
"Boltor Prime Stock","2021-09-12 00:00:00","1.67","15","9.25","1.62","68","8","-1","219"
"Braton Prime Barrel","2021-09-12 00:00:00","3.75","15","4.08","3.68","-18","23","11","104"
"Braton Prime Blueprint","2021-09-12 00:00:00","8.33","25","3.14","7.96","5","-1","-2","155"
"Braton Prime Receiver","2021-09-12 00:00:00","11.25","45","4.12","10.92","-2","10","-1","131"
"Braton Prime Set","2021-09-12 00:00:00","11.0","110","12.33","8.92","8","10","3","424"
"Braton Prime Stock","2021-09-12 00:00:00","8.33","25","3.01","8.31","25","62","-3","217"
"Bronco Prime Barrel","2021-09-12 00:00:00","9.0","45","5.18","8.68","-1","8","-2","184"
"Bronco Prime Blueprint","2021-09-12 00:00:00","3.75","15","3.87","3.87","-23","1","1","119"
"Bronco Prime Receiver","2021-09-12 00:00:00","3.75","15","4.04","3.7199999999999998","-1","1","-3","115"
"Bronco Prime Set","2021-09-12 00:00:00","5.0","75","16.03","4.68","-13","0","-2","235"
"Burston Prime Barrel","2021-09-12 00:00:00","11.25","45","3.93","11.46","0","3","0","177"
"Burston Prime Blueprint","2021-09-12 00:00:00","5.0","15","2.85","5.25","1","9","-6","124"
"Burston Prime Receiver","2021-09-12 00:00:00","5.0","15","3.05","4.92","-54","-66","-17","145"
"Burston Prime Set","2021-09-12 00:00:00","9.0","90","11.42","7.88","-21","-1","-2","463"
"Burston Prime Stock","2021-09-12 00:00:00","5.0","15","3.12","4.8","5","0","8","155"
"Carrier Prime Blueprint","2021-09-12 00:00:00","1.25","15","12.29","1.22","-9","-8","-2","177"
"Carrier Prime Carapace","2021-09-12 00:00:00","1.0","15","14.66","1.02","-37","-14","-7","164"
"Carrier Prime Cerebrum","2021-09-12 00:00:00","1.33","65","47.64","1.3599999999999999","-5","-5","-7","188"
"Carrier Prime Set","2021-09-12 00:00:00","1.1","110","98.25","1.12","-12","-10","3","656"
"Carrier Prime Systems","2021-09-12 00:00:00","1.5","15","10.02","1.5","-5","3","-2","328"
"Cernos Prime Blueprint","2021-09-12 00:00:00","9.0","45","4.92","9.14","2","7","1","103"
"Cernos Prime Grip","2021-09-12 00:00:00","1.67","15","8.89","1.69","9","26","4","152"
"Cernos Prime Lower Limb","2021-09-12 00:00:00","3.33","100","31.11","3.21","-19","-14","-1","85"
"Cernos Prime Set","2021-09-12 00:00:00","2.6","200","81.89","2.44","-21","-25","1","372"
"Cernos Prime String","2021-09-12 00:00:00","2.5","25","9.02","2.77","-33","-33","-3","121"
"Cernos Prime Upper Limb","2021-09-12 00:00:00","1.5","15","9.57","1.57","-12","-1","2","93"
"Chroma Prime Blueprint","2021-09-12 00:00:00","1.88","15","7.72","1.94","24","-6","1","341"
"Chroma Prime Chassis","2021-09-12 00:00:00","4.17","25","6.93","3.61","21","-37","0","397"
"Chroma Prime Neuroptics","2021-09-12 00:00:00","4.17","100","25.1","3.98","74","16","-2","303"
"Chroma Prime Set","2021-09-12 00:00:00","2.93","205","83.13","2.47","12","4","-2","1657"
"Chroma Prime Systems","2021-09-12 00:00:00","4.48","65","14.48","4.49","5","-20","3","209"
"Corinth Prime Barrel","2021-09-12 00:00:00","3.33","100","29.38","3.4","-29","-5","-7","184"
"Corinth Prime Blueprint","2021-09-12 00:00:00","5.0","15","3.03","4.96","-66","-1","-6","296"
"Corinth Prime Receiver","2021-09-12 00:00:00","11.25","45","4.49","10.03","7","-10","4","291"
"Corinth Prime Set","2021-09-12 00:00:00","6.5","260","39.55","6.57","7","2","-3","378"
"Corinth Prime Stock","2021-09-12 00:00:00","10.0","100","9.54","10.48","4","7","33","210"
"Dakra Prime Blade","2021-09-12 00:00:00","2.24","65","28.24","2.3","-2","-9","0","114"
"Dakra Prime Blueprint","2021-09-12 00:00:00","3.46","45","12.68","3.55","3","-2","-3","184"
"Dakra Prime Handle","2021-09-12 00:00:00","1.0","15","14.49","1.03","-15","-6","1","97"
"Dakra Prime Set","2021-09-12 00:00:00","1.76","125","72.15","1.73","-13","-4","1","269"
"Destreza Prime Blade","2021-09-12 00:00:00","2.22","100","45.38","2.2","4","-11","1","106"
"Destreza Prime Blueprint","2021-09-12 00:00:00","9.0","45","4.68","9.62","-2","6","0","182"
"Destreza Prime Handle","2021-09-12 00:00:00","1.67","15","8.8","1.7000000000000002","-8","10","1","154"
"Destreza Prime Set","2021-09-12 00:00:00","2.76","160","58.12","2.75","-26","-11","-4","388"
"Dethcube Prime Blueprint","2021-09-12 00:00:00","6.67","100","14.77","6.77","-11","4","2","242"
"Dethcube Prime Carapace","2021-09-12 00:00:00","11.25","45","4.21","10.7","1","1","13","464"
"Dethcube Prime Cerebrum","2021-09-12 00:00:00","5.26","100","19.41","5.15","-50","4","14","220"
"Dethcube Prime Set","2021-09-12 00:00:00","6.5","260","45.66","5.69","-43","8","8","591"
"Dethcube Prime Systems","2021-09-12 00:00:00","3.75","15","3.95","3.8","-15","-6","0","306"
"Dual Kamas Prime Blade","2021-09-12 00:00:00","2.0","100","54.03","1.85","-20","-11","-4","111"
"Dual Kamas Prime Blueprint","2021-09-12 00:00:00","1.67","15","9.12","1.65","-27","-4","-7","156"
"Dual Kamas Prime Handle","2021-09-12 00:00:00","4.5","45","9.5","4.74","14","5","-5","304"
"Dual Kamas Prime Set","2021-09-12 00:00:00","2.06","305","148.56","2.05","-10","-7","-3","338"
"Ember Prime Blueprint","2021-09-12 00:00:00","2.86","100","36.66","2.73","-22","-6","-3","342"
"Ember Prime Chassis","2021-09-12 00:00:00","0.5","15","29.69","0.51","-10","-12","1","210"
"Ember Prime Neuroptics","2021-09-12 00:00:00","0.6000000000000001","15","25.89","0.58","-13","-13","2","284"
"Ember Prime Set","2021-09-12 00:00:00","1.25","175","148.95","1.17","-20","-17","-4","2353"
"Ember Prime Systems","2021-09-12 00:00:00","1.5","45","30.76","1.46","-7","-4","-6","348"
"Equinox Prime Blueprint","2021-09-12 00:00:00","3.0","45","14.53","3.1","-28","-7","-2","180"
"Equinox Prime Chassis","2021-09-12 00:00:00","3.0","15","4.68","3.21","35","1","2","299"
"Equinox Prime Neuroptics","2021-09-12 00:00:00","4.5","45","8.9","5.06","-13","6","0","320"
"Equinox Prime Set","2021-09-12 00:00:00","2.93","205","82.58","2.48","-34","-15","-4","2087"
"Equinox Prime Systems","2021-09-12 00:00:00","2.94","100","34.24","2.92","-32","-3","7","193"
"Euphona Prime Barrel","2021-09-12 00:00:00","6.43","45","7.72","5.83","1","-14","1","195"
"Euphona Prime Blueprint","2021-09-12 00:00:00","3.0","15","4.53","3.31","33","10","-2","168"
"Euphona Prime Receiver","2021-09-12 00:00:00","2.5","100","41.62","2.4","-13","-7","0","97"
"Euphona Prime Set","2021-09-12 00:00:00","3.56","160","49.11","3.26","-24","-28","-4","514"
"Fang Prime Blade","2021-09-12 00:00:00","3.0","15","4.46","3.37","-34","-24","-19","199"
"Fang Prime Blueprint","2021-09-12 00:00:00","7.5","15","3.03","4.95","-66","-76","-1","210"
"Fang Prime Handle","2021-09-12 00:00:00","3.12","25","8.01","3.12","-26","6","-4","209"
"Fang Prime Set","2021-09-12 00:00:00","6.33","95","15.65","6.07","9","8","5","265"
"Fragor Prime Blueprint","2021-09-12 00:00:00","6.5","65","9.97","6.52","50","4","-2","106"
"Fragor Prime Handle","2021-09-12 00:00:00","4.33","65","14.54","4.47","21","2","5","106"
"Fragor Prime Head","2021-09-12 00:00:00","1.25","15","11.98","1.25","-13","-30","-7","181"
"Fragor Prime Set","2021-09-12 00:00:00","2.9","145","51.02","2.84","-12","-7","-5","555"
"Frost Prime Blueprint","2021-09-12 00:00:00","1.43","100","70.09","1.43","-11","-2","-11","193"
"Frost Prime Chassis","2021-09-12 00:00:00","0.75","15","22.54","0.67","-18","-15","-3","280"
"Frost Prime Neuroptics","2021-09-12 00:00:00","1.67","15","9.07","1.65","-4","5","-2","562"
"Frost Prime Set","2021-09-12 00:00:00","1.4","175","138.55","1.26","-18","-5","-1","1761"
"Frost Prime Systems","2021-09-12 00:00:00","2.25","45","18.95","2.37","-4","-11","5","232"
"Galatine Prime Blade","2021-09-12 00:00:00","2.31","15","7.02","2.14","-41","-34","9","250"
"Galatine Prime Blueprint","2021-09-12 00:00:00","2.38","100","43.07","2.32","-4","-1","-5","83"
"Galatine Prime Handle","2021-09-12 00:00:00","5.62","45","8.1","5.55","-8","37","26","243"
"Galatine Prime Set","2021-09-12 00:00:00","2.67","160","60.83","2.63","-7","-4","-2","483"
"Gara Prime Blueprint","2021-09-12 00:00:00","2.22","100","47.36","2.11","-17","30","10","297"
"Gara Prime Chassis","2021-09-12 00:00:00","5.62","45","8.23","5.47","-9","15","-5","523"
"Gara Prime Neuroptics","2021-09-12 00:00:00","3.46","45","13.02","3.46","25","30","-3","346"
"Gara Prime Set","2021-09-12 00:00:00","2.41","205","87.88","2.33","-12","15","1","558"
"Gara Prime Systems","2021-09-12 00:00:00","1.67","15","8.85","1.7000000000000002","19","14","2","354"
"Glaive Prime Blade","2021-09-12 00:00:00","2.25","45","19.85","2.27","1","3","-1","191"
"Glaive Prime Blueprint","2021-09-12 00:00:00","0.8300000000000001","100","119.42","0.84","-24","-16","-1","139"
"Glaive Prime Disc","2021-09-12 00:00:00","1.5","45","31.51","1.43","-4","-1","-8","262"
"Glaive Prime Set","2021-09-12 00:00:00","1.18","235","199.46","1.18","-17","-12","-1","387"
"Gram Prime Blade","2021-09-12 00:00:00","3.0","15","5.17","2.9","-20","5","-2","292"
"Gram Prime Blueprint","2021-09-12 00:00:00","9.0","45","5.51","8.16","-15","-4","22","97"
"Gram Prime Handle","2021-09-12 00:00:00","6.67","100","15.68","6.38","-7","-5","-4","174"
"Gram Prime Set","2021-09-12 00:00:00","5.33","160","35.44","4.52","9","1","-3","752"
"Guandao Prime Blade","2021-09-12 00:00:00","1.88","15","7.8100000000000005","1.92","9","9","8","306"
"Guandao Prime Blueprint","2021-09-12 00:00:00","11.25","45","4.44","10.14","-10","-11","7","383"
"Guandao Prime Handle","2021-09-12 00:00:00","10.0","100","9.85","10.15","34","8","1","133"
"Guandao Prime Set","2021-09-12 00:00:00","5.83","175","30.87","5.67","12","3","-4","517"
"Helios Prime Blueprint","2021-09-12 00:00:00","6.43","45","7.42","6.07","-37","1","-2","328"
"Helios Prime Carapace","2021-09-12 00:00:00","3.0","15","5.11","2.93","0","13","7","194"
"Helios Prime Cerebrum","2021-09-12 00:00:00","2.04","100","49.12","2.04","-12","-4","0","169"
"Helios Prime Set","2021-09-12 00:00:00","2.93","205","74.41","2.76","23","-2","-1","879"
"Helios Prime Systems","2021-09-12 00:00:00","4.5","45","11.07","4.06","-23","1","-21","293"
"Hikou Prime Blueprint","2021-09-12 00:00:00","3.0","15","4.68","3.21","2","2","-5","239"
"Hikou Prime Pouch","2021-09-12 00:00:00","1.5","15","9.81","1.53","72","41","0","151"
"Hikou Prime Set","2021-09-12 00:00:00","1.3599999999999999","75","65.98","1.1400000000000001","5","-4","-3","462"
"Hikou Prime Stars","2021-09-12 00:00:00","1.67","15","9.03","1.6600000000000001","13","-11","-13","227"
"Hydroid Prime Blueprint","2021-09-12 00:00:00","4.5","45","9.89","4.55","8","0","-2","198"
"Hydroid Prime Chassis","2021-09-12 00:00:00","1.5","15","9.02","1.6600000000000001","15","1","-4","303"
"Hydroid Prime Neuroptics","2021-09-12 00:00:00","3.0","45","14.5","3.1","-4","-5","-4","141"
"Hydroid Prime Set","2021-09-12 00:00:00","1.71","205","120.26","1.7000000000000002","-3","-1","-1","660"
"Hydroid Prime Systems","2021-09-12 00:00:00","1.43","100","72.55","1.38","-8","-4","0","220"
"Inaros Prime Blueprint","2021-09-12 00:00:00","9.0","45","4.87","9.25","-3","2","7","390"
"Inaros Prime Chassis","2021-09-12 00:00:00","9.0","45","4.76","9.44","-7","3","-3","353"
"Inaros Prime Neuroptics","2021-09-12 00:00:00","6.45","100","17.37","5.76","-4","-10","-14","322"
"Inaros Prime Set","2021-09-12 00:00:00","5.12","205","40.5","5.06","16","9","6","786"
"Inaros Prime Systems","2021-09-12 00:00:00","1.67","15","8.96","1.67","-25","-4","-5","281"
"Ivara Prime Blueprint","2021-09-12 00:00:00","11.25","45","4.49","10.02","-2","7","-5","528"
"Ivara Prime Chassis","2021-09-12 00:00:00","5.0","100","19.93","5.02","-12","-15","-16","262"
"Ivara Prime Neuroptics","2021-09-12 00:00:00","3.75","15","4.39","3.42","12","2","2","394"
"Ivara Prime Set","2021-09-12 00:00:00","6.83","205","32.69","6.27","9","5","2","944"
"Ivara Prime Systems","2021-09-12 00:00:00","11.25","45","4.29","10.49","19","4","-1","479"
"Karyst Prime Blade","2021-09-12 00:00:00","10.0","100","11.4","8.77","-29","-27","-36","309"
"Karyst Prime Blueprint","2021-09-12 00:00:00","3.0","15","4.73","3.17","4","5","3","145"
"Karyst Prime Handle","2021-09-12 00:00:00","11.25","45","4.02","11.19","3","-1","0","358"
"Karyst Prime Set","2021-09-12 00:00:00","8.42","160","21.52","7.44","4","4","-2","601"
"Kavasa Prime Band","2021-09-12 00:00:00","5.62","45","7.76","5.8","22","-14","-1","130"
"Kavasa Prime Buckle","2021-09-12 00:00:00","3.61","65","18.23","3.56","-17","19","9","60"
"Kavasa Prime Kubrow Collar Blueprint","2021-09-12 00:00:00","5.62","45","7.7","5.84","-57","2","41","177"
"Kavasa Prime Kubrow Collar Set","2021-09-12 00:00:00","5.17","155","31.54","4.91","-15","-25","-22","212"
"Kogake Prime Blueprint","2021-09-12 00:00:00","7.5","45","6.74","6.67","-36","1","-1","144"
"Kogake Prime Boot","2021-09-12 00:00:00","1.88","15","7.9","1.9","-21","-1","1","206"
"Kogake Prime Gauntlet","2021-09-12 00:00:00","5.0","100","21.17","4.72","-16","12","18","95"
"Kogake Prime Set","2021-09-12 00:00:00","3.48","275","81.39","3.38","-24","-16","9","413"
"Kronen Prime Blade","2021-09-12 00:00:00","2.0","100","49.79","2.01","-20","-3","-2","160"
"Kronen Prime Blueprint","2021-09-12 00:00:00","3.0","15","5.19","2.89","-18","-5","-2","210"
"Kronen Prime Handle","2021-09-12 00:00:00","2.25","45","19.67","2.29","23","11","2","210"
"Kronen Prime Set","2021-09-12 00:00:00","1.79","305","176.3","1.73","-11","-21","-2","650"
"Latron Prime Barrel","2021-09-12 00:00:00","1.5","15","10.46","1.43","-42","-21","-27","218"
"Latron Prime Blueprint","2021-09-12 00:00:00","1.5","15","9.43","1.5899999999999999","-9","-7","0","118"
"Latron Prime Receiver","2021-09-12 00:00:00","1.0","15","14.72","1.02","-11","-13","1","101"
"Latron Prime Set","2021-09-12 00:00:00","1.2","60","54.19","1.11","-14","-12","-4","407"
"Latron Prime Stock","2021-09-12 00:00:00","1.0","15","15.91","0.9400000000000001","-9","-13","-3","102"
"Lex Prime Barrel","2021-09-12 00:00:00","3.75","15","4.09","3.67","0","-7","-5","193"
"Lex Prime Blueprint","2021-09-12 00:00:00","8.33","25","3.1","8.06","-2","-3","1","176"
"Lex Prime Receiver","2021-09-12 00:00:00","1.5","15","9.68","1.55","-2","-3","0","211"
"Lex Prime Set","2021-09-12 00:00:00","3.93","55","14.22","3.87","-2","6","2","389"
"Limbo Prime Blueprint","2021-09-12 00:00:00","5.62","45","8.04","5.59","-47","-12","-2","406"
"Limbo Prime Chassis","2021-09-12 00:00:00","1.43","100","72.36","1.38","-43","-13","-3","194"
"Limbo Prime Neuroptics","2021-09-12 00:00:00","2.5","100","40.4","2.48","-21","9","1","199"
"Limbo Prime Set","2021-09-12 00:00:00","2.17","260","123.59","2.1","-16","-3","-1","479"
"Limbo Prime Systems","2021-09-12 00:00:00","3.0","15","4.72","3.17","36","27","33","415"
"Loki Prime Blueprint","2021-09-12 00:00:00","1.5","15","11.88","1.26","-35","-35","17","225"
"Loki Prime Chassis","2021-09-12 00:00:00","1.5","45","32.03","1.4100000000000001","-19","-14","-6","148"
"Loki Prime Neuroptics","2021-09-12 00:00:00","0.75","15","21.14","0.71","-14","-14","-3","174"
"Loki Prime Set","2021-09-12 00:00:00","0.35000000000000003","175","522.19","0.34","-14","-14","0","173"
"Loki Prime Systems","2021-09-12 00:00:00","0.25","100","408.48","0.24","-14","-14","0","56"
"Mag Prime Blueprint","2021-09-12 00:00:00","1.0","100","97.92","1.02","-21","-14","0","288"
"Mag Prime Chassis","2021-09-12 00:00:00","1.5","45","29.59","1.52","-5","-18","-10","198"
"Mag Prime Neuroptics","2021-09-12 00:00:00","0.43","15","35.19","0.43","-14","-14","0","190"
"Mag Prime Set","2021-09-12 00:00:00","0.78","175","222.0","0.79","-18","-14","0","317"
"Mag Prime Systems","2021-09-12 00:00:00","0.5","15","29.57","0.51","-14","-12","0","123"
"Magnus Prime Barrel","2021-09-12 00:00:00","2.0","100","51.9","1.9300000000000002","0","0","4","72"
"Magnus Prime Blueprint","2021-09-12 00:00:00","1.5","15","9.67","1.55","0","0","18","90"
"Magnus Prime Receiver","2021-09-12 00:00:00","1.8","45","26.87","1.67","0","0","83","105"
"Magnus Prime Set","2021-09-12 00:00:00","1.3599999999999999","160","116.02","1.38","0","0","20","68"
"Mesa Prime Blueprint","2021-09-12 00:00:00","9.0","45","4.91","9.16","-5","9","5","314"
"Mesa Prime Chassis","2021-09-12 00:00:00","1.88","15","7.88","1.9","-25","-17","-11","400"
"Mesa Prime Neuroptics","2021-09-12 00:00:00","2.56","100","39.63","2.52","-21","5","4","237"
"Mesa Prime Set","2021-09-12 00:00:00","2.6","260","102.05","2.55","-6","-1","-4","3290"
"Mesa Prime Systems","2021-09-12 00:00:00","2.27","100","46.02","2.17","-14","-22","2","258"
"Mirage Prime Blueprint","2021-09-12 00:00:00","1.67","100","59.0","1.7000000000000002","-27","-4","8","240"
"Mirage Prime Chassis","2021-09-12 00:00:00","1.5","15","11.3","1.33","-10","-24","5","422"
"Mirage Prime Neuroptics","2021-09-12 00:00:00","2.14","15","7.24","2.07","-13","4","-5","389"
"Mirage Prime Set","2021-09-12 00:00:00","1.75","175","98.73","1.77","0","6","2","1175"
"Mirage Prime Systems","2021-09-12 00:00:00","2.25","45","20.2","2.23","-38","0","-4","398"
"Nami Skyla Prime Blade","2021-09-12 00:00:00","2.04","100","49.55","2.02","-3","-5","-9","218"
"Nami Skyla Prime Blueprint","2021-09-12 00:00:00","1.07","15","12.92","1.16","-55","-9","10","169"
"Nami Skyla Prime Handle","2021-09-12 00:00:00","2.5","45","17.64","2.55","-15","1","1","197"
"Nami Skyla Prime Set","2021-09-12 00:00:00","1.8","305","167.44","1.82","-15","0","-2","245"
"Nekros Prime Blueprint","2021-09-12 00:00:00","0.93","65","72.86","0.89","-18","-13","0","179"
"Nekros Prime Chassis","2021-09-12 00:00:00","1.5","15","10.92","1.37","-16","2","0","642"
"Nekros Prime Neuroptics","2021-09-12 00:00:00","1.29","45","35.75","1.26","-38","-28","-4","249"
"Nekros Prime Set","2021-09-12 00:00:00","1.12","225","198.91","1.13","-18","-12","1","944"
"Nekros Prime Systems","2021-09-12 00:00:00","1.33","100","76.96","1.3","-23","-4","-1","269"
"Nezha Prime Blueprint","2021-09-12 00:00:00","11.25","45","4.47","10.07","20","3","3","529"
"Nezha Prime Chassis","2021-09-12 00:00:00","3.7","100","27.6","3.62","37","37","19","285"
"Nezha Prime Neuroptics","2021-09-12 00:00:00","5.0","100","20.8","4.8100000000000005","14","-1","-4","228"
"Nezha Prime Set","2021-09-12 00:00:00","4.06","260","69.92","3.7199999999999998","14","6","-3","764"
"Nezha Prime Systems","2021-09-12 00:00:00","3.0","15","4.75","3.16","-1","36","4","289"
"Nidus Prime Blueprint","2021-09-12 00:00:00","1.05","45","44.16","1.02","0","0","5","174"
"Nidus Prime Chassis","2021-09-12 00:00:00","2.5","100","37.63","2.66","0","0","13","306"
"Nidus Prime Neuroptics","2021-09-12 00:00:00","1.5899999999999999","100","63.41","1.58","0","0","20","143"
"Nidus Prime Set","2021-09-12 00:00:00","1.44","260","194.94","1.33","0","0","2","1509"
"Nidus Prime Systems","2021-09-12 00:00:00","1.07","15","13.67","1.1","0","0","4","336"
"Nikana Prime Blade","2021-09-12 00:00:00","1.8599999999999999","65","37.1","1.75","-5","0","-4","237"
"Nikana Prime Blueprint","2021-09-12 00:00:00","1.67","25","14.77","1.69","-9","-4","13","313"
"Nikana Prime Hilt","2021-09-12 00:00:00","1.11","100","89.88","1.11","-20","-12","2","76"
"Nikana Prime Set","2021-09-12 00:00:00","1.27","190","148.12","1.28","-16","-11","4","498"
"Ninkondi Prime Blueprint","2021-09-12 00:00:00","3.0","15","4.82","3.11","-28","-14","-1","120"
"Ninkondi Prime Chain","2021-09-12 00:00:00","11.25","45","4.34","10.37","-1","-2","-7","180"
"Ninkondi Prime Handle","2021-09-12 00:00:00","6.67","100","16.03","6.24","-1","0","-3","125"
"Ninkondi Prime Set","2021-09-12 00:00:00","5.78","260","52.33","4.97","-26","-39","-15","567"
"Nova Prime Blueprint","2021-09-12 00:00:00","4.5","45","12.5","3.6","0","-18","4","464"
"Nova Prime Chassis","2021-09-12 00:00:00","1.43","100","73.97","1.35","-65","-50","-6","315"
"Nova Prime Neuroptics","2021-09-12 00:00:00","0.75","15","19.15","0.78","-33","-12","0","147"
"Nova Prime Set","2021-09-12 00:00:00","1.5899999999999999","175","119.04","1.47","-43","-31","-6","1808"
"Nova Prime Systems","2021-09-12 00:00:00","1.5","15","10.43","1.44","-19","-3","-1","607"
"Nyx Prime Blueprint","2021-09-12 00:00:00","1.5","15","9.39","1.6","7","1","-8","311"
"Nyx Prime Chassis","2021-09-12 00:00:00","10.83","65","7.3","8.9","29","-4","6","515"
"Nyx Prime Neuroptics","2021-09-12 00:00:00","5.0","100","21.99","4.55","95","-6","-22","180"
"Nyx Prime Set","2021-09-12 00:00:00","4.5","225","62.82","3.58","126","-19","-4","493"
"Nyx Prime Systems","2021-09-12 00:00:00","4.5","45","9.45","4.76","127","-3","5","448"
"Oberon Prime Blueprint","2021-09-12 00:00:00","5.0","45","9.01","4.99","12","-1","-5","284"
"Oberon Prime Chassis","2021-09-12 00:00:00","1.5","15","10.49","1.43","-8","-2","-10","267"
"Oberon Prime Neuroptics","2021-09-12 00:00:00","2.86","100","34.73","2.88","-7","-3","-7","188"
"Oberon Prime Set","2021-09-12 00:00:00","2.05","225","112.35","2.0","-9","-7","-1","838"
"Oberon Prime Systems","2021-09-12 00:00:00","1.44","65","44.96","1.45","-34","-1","-3","309"
"Octavia Prime Blueprint","2021-09-12 00:00:00","2.63","100","39.66","2.52","3","-2","-4","506"
"Octavia Prime Chassis","2021-09-12 00:00:00","5.62","45","8.15","5.52","28","2","-1","420"
"Octavia Prime Neuroptics","2021-09-12 00:00:00","3.0","15","4.75","3.16","4","0","-7","311"
"Octavia Prime Set","2021-09-12 00:00:00","2.92","175","61.26","2.86","30","2","1","665"
"Octavia Prime Systems","2021-09-12 00:00:00","2.5","15","7.04","2.13","49","20","10","437"
"Odonata Prime Blueprint","2021-09-12 00:00:00","4.5","45","11.66","3.86","15","-6","1","381"
"Odonata Prime Harness","2021-09-12 00:00:00","1.07","15","13.82","1.08","-27","-30","-5","212"
"Odonata Prime Set","2021-09-12 00:00:00","2.15","140","66.92","2.09","0","-6","2","634"
"Odonata Prime Systems","2021-09-12 00:00:00","1.5","15","10.05","1.49","-19","-15","-13","257"
"Odonata Prime Wings","2021-09-12 00:00:00","2.17","65","29.57","2.2","13","28","6","169"
"Orthos Prime Blade","2021-09-12 00:00:00","9.0","45","5.05","8.91","25","-1","4","247"
"Orthos Prime Blueprint","2021-09-12 00:00:00","11.25","45","4.41","10.2","-12","-11","-2","160"
"Orthos Prime Handle","2021-09-12 00:00:00","3.75","15","3.64","4.12","-19","5","-3","197"
"Orthos Prime Set","2021-09-12 00:00:00","10.0","150","15.84","9.47","8","6","0","422"
"Pandero Prime Barrel","2021-09-12 00:00:00","5.62","45","7.61","5.91","68","54","35","327"
"Pandero Prime Blueprint","2021-09-12 00:00:00","3.75","15","3.69","4.07","41","30","15","157"
"Pandero Prime Receiver","2021-09-12 00:00:00","6.67","100","14.37","6.96","12","-3","-5","162"
"Pandero Prime Set","2021-09-12 00:00:00","4.71","160","35.41","4.52","20","8","-2","374"
"Pangolin Prime Blade","2021-09-12 00:00:00","9.0","45","4.41","10.21","12","14","6","232"
"Pangolin Prime Blueprint","2021-09-12 00:00:00","10.0","100","9.47","10.56","4","8","-1","174"
"Pangolin Prime Handle","2021-09-12 00:00:00","1.67","15","9.17","1.6400000000000001","6","-1","5","192"
"Pangolin Prime Set","2021-09-12 00:00:00","8.0","160","22.4","7.14","0","-11","4","638"
"Panthera Prime Barrel","2021-09-12 00:00:00","10.0","100","9.69","10.32","5","6","-2","123"
"Panthera Prime Blueprint","2021-09-12 00:00:00","3.0","15","4.7","3.19","-6","1","1","107"
"Panthera Prime Receiver","2021-09-12 00:00:00","10.0","100","9.83","10.17","4","4","-2","145"
"Panthera Prime Set","2021-09-12 00:00:00","8.67","260","36.88","7.05","-1","-6","-3","415"
"Panthera Prime Stock","2021-09-12 00:00:00","11.25","45","4.49","10.01","-7","9","-18","249"
"Paris Prime Blueprint","2021-09-12 00:00:00","7.5","15","2.87","5.23","33","14","-1","157"
"Paris Prime Grip","2021-09-12 00:00:00","11.25","45","4.69","9.59","-14","-21","3","252"
"Paris Prime Lower Limb","2021-09-12 00:00:00","5.0","15","2.9699999999999998","5.05","-48","-49","-15","169"
"Paris Prime Set","2021-09-12 00:00:00","10.45","115","13.16","8.74","5","0","5","376"
"Paris Prime String","2021-09-12 00:00:00","3.0","15","5.18","2.89","-22","-5","10","66"
"Paris Prime Upper Limb","2021-09-12 00:00:00","8.33","25","3.54","7.06","-8","4","1","180"
"Pyrana Prime Barrel","2021-09-12 00:00:00","1.5","15","9.66","1.55","-61","-50","-3","106"
"Pyrana Prime Blueprint","2021-09-12 00:00:00","1.28","100","77.37","1.29","-154","-125","8","121"
"Pyrana Prime Receiver","2021-09-12 00:00:00","4.5","45","12.64","3.56","-80","-64","-43","213"
"Pyrana Prime Set","2021-09-12 00:00:00","1.45","160","112.61","1.42","-117","-104","-9","562"
"Reaper Prime Blade","2021-09-12 00:00:00","2.25","45","19.63","2.29","-12","3","-17","144"
"Reaper Prime Blueprint","2021-09-12 00:00:00","1.0","15","14.74","1.02","0","-7","7","134"
"Reaper Prime Handle","2021-09-12 00:00:00","0.5","15","32.52","0.46","-15","-16","-2","180"
"Reaper Prime Set","2021-09-12 00:00:00","1.07","75","74.14","1.01","-20","-19","-3","768"
"Redeemer Prime Blade","2021-09-12 00:00:00","1.88","15","8.12","1.85","-6","-3","-2","360"
"Redeemer Prime Blueprint","2021-09-12 00:00:00","9.0","45","4.98","9.04","13","2","-6","172"
"Redeemer Prime Handle","2021-09-12 00:00:00","2.0","100","56.08","1.78","-37","2","-3","243"
"Redeemer Prime Set","2021-09-12 00:00:00","2.32","160","69.57","2.3","-8","-9","6","920"
"Rhino Prime Blueprint","2021-09-12 00:00:00","2.86","100","41.87","2.39","149","4","-3","981"
"Rhino Prime Chassis","2021-09-12 00:00:00","4.33","65","17.18","3.7800000000000002","161","21","7","367"
"Rhino Prime Neuroptics","2021-09-12 00:00:00","1.96","45","23.46","1.92","74","11","0","304"
"Rhino Prime Set","2021-09-12 00:00:00","1.96","225","156.04","1.44","46","-57","11","2560"
"Rhino Prime Systems","2021-09-12 00:00:00","1.5","15","9.79","1.53","68","51","17","391"
"Rubico Prime Barrel","2021-09-12 00:00:00","2.5","25","9.48","2.64","-7","-2","-3","332"
"Rubico Prime Blueprint","2021-09-12 00:00:00","3.45","100","31.68","3.16","-102","-68","-9","196"
"Rubico Prime Receiver","2021-09-12 00:00:00","1.88","15","8.52","1.76","14","2","-2","316"
"Rubico Prime Set","2021-09-12 00:00:00","3.08","185","64.68","2.86","2","-1","-11","1015"
"Rubico Prime Stock","2021-09-12 00:00:00","4.5","45","11.62","3.87","-50","-13","-4","393"
"Saryn Prime Blueprint","2021-09-12 00:00:00","1.2","65","54.43","1.19","-6","-8","-2","286"
"Saryn Prime Chassis","2021-09-12 00:00:00","0.71","100","139.56","0.72","-11","-11","3","205"
"Saryn Prime Neuroptics","2021-09-12 00:00:00","1.96","45","23.15","1.94","-33","10","-1","322"
"Saryn Prime Set","2021-09-12 00:00:00","0.9400000000000001","225","240.14","0.9400000000000001","-14","-12","-1","661"
"Saryn Prime Systems","2021-09-12 00:00:00","1.5","15","11.32","1.32","-2","-8","-4","694"
"Scindo Prime Blade","2021-09-12 00:00:00","8.33","100","13.51","7.4","25","0","-1","250"
"Scindo Prime Blueprint","2021-09-12 00:00:00","9.0","45","4.96","9.08","92","2","5","185"
"Scindo Prime Handle","2021-09-12 00:00:00","3.5700000000000003","25","7.33","3.41","60","-19","-4","226"
"Scindo Prime Set","2021-09-12 00:00:00","5.67","170","38.07","4.47","55","2","-4","499"
"Sicarus Prime Barrel","2021-09-12 00:00:00","1.0","15","14.69","1.02","-21","-10","3","137"
"Sicarus Prime Blueprint","2021-09-12 00:00:00","1.88","15","7.68","1.9500000000000002","1","-5","-3","213"
"Sicarus Prime Receiver","2021-09-12 00:00:00","3.45","100","28.95","3.45","8","5","-2","85"
"Sicarus Prime Set","2021-09-12 00:00:00","2.6","130","51.68","2.52","0","-6","2","457"
"Silva & Aegis Prime Blade","2021-09-12 00:00:00","5.0","45","8.93","5.04","28","1","-1","227"
"Silva & Aegis Prime Blueprint","2021-09-12 00:00:00","4.5","45","9.39","4.79","-6","5","-4","181"
"Silva & Aegis Prime Guard","2021-09-12 00:00:00","2.86","100","34.41","2.91","-21","4","-4","138"
"Silva & Aegis Prime Hilt","2021-09-12 00:00:00","2.14","15","7.17","2.09","11","-33","-2","223"
"Silva & Aegis Prime Set","2021-09-12 00:00:00","3.42","205","62.55","3.2800000000000002","-4","-4","-4","513"
"Soma Prime Barrel","2021-09-12 00:00:00","1.25","15","12.29","1.22","-47","-23","7","158"
"Soma Prime Blueprint","2021-09-12 00:00:00","1.88","15","8.05","1.8599999999999999","23","-7","2","225"
"Soma Prime Receiver","2021-09-12 00:00:00","2.25","45","18.78","2.4","-2","2","13","198"
"Soma Prime Set","2021-09-12 00:00:00","2.33","175","81.1","2.16","-11","-11","3","614"
"Soma Prime Stock","2021-09-12 00:00:00","5.0","100","19.77","5.06","0","16","0","119"
"Spira Prime Blade","2021-09-12 00:00:00","2.6","65","24.77","2.62","0","-1","1","160"
"Spira Prime Blueprint","2021-09-12 00:00:00","3.0","15","5.06","2.96","-1","-2","1","116"
"Spira Prime Pouch","2021-09-12 00:00:00","2.22","100","46.52","2.15","17","0","2","107"
"Spira Prime Set","2021-09-12 00:00:00","2.05","345","168.25","2.05","6","-5","0","187"
"Stradavar Prime Barrel","2021-09-12 00:00:00","11.25","45","4.92","9.14","-19","-32","-1","247"
"Stradavar Prime Blueprint","2021-09-12 00:00:00","10.0","100","11.71","8.54","-5","-1","-1","126"
"Stradavar Prime Receiver","2021-09-12 00:00:00","3.0","15","5.13","2.92","-5","-1","1","97"
"Stradavar Prime Set","2021-09-12 00:00:00","5.83","175","32.79","5.34","-7","-9","-3","482"
"Stradavar Prime Stock","2021-09-12 00:00:00","1.67","15","8.79","1.71","-33","6","-2","93"
"Strun Prime Barrel","2021-09-12 00:00:00","2.37","45","18.47","2.44","0","0","12","148"
"Strun Prime Blueprint","2021-09-12 00:00:00","3.33","100","31.2","3.2","0","0","-2","117"
"Strun Prime Receiver","2021-09-12 00:00:00","0.75","15","22.62","0.66","0","0","0","84"
"Strun Prime Set","2021-09-12 00:00:00","1.71","205","124.86","1.6400000000000001","0","0","31","74"
"Strun Prime Stock","2021-09-12 00:00:00","1.8","45","27.97","1.6099999999999999","0","0","10","224"
"Sybaris Prime Barrel","2021-09-12 00:00:00","3.33","100","29.16","3.43","-9","-3","5","103"
"Sybaris Prime Blueprint","2021-09-12 00:00:00","1.88","15","7.6","1.97","-16","9","0","147"
"Sybaris Prime Receiver","2021-09-12 00:00:00","5.0","45","8.96","5.03","15","-6","12","156"
"Sybaris Prime Set","2021-09-12 00:00:00","3.5","175","52.84","3.31","-12","-2","6","382"
"Sybaris Prime Stock","2021-09-12 00:00:00","1.67","15","8.87","1.69","9","-4","-6","132"
"Tekko Prime Blade","2021-09-12 00:00:00","4.0","100","25.05","3.99","-86","51","4","166"
"Tekko Prime Blueprint","2021-09-12 00:00:00","11.25","45","4.16","10.81","4","-2","5","348"
"Tekko Prime Gauntlet","2021-09-12 00:00:00","3.75","15","4.55","3.3","-33","-2","-4","185"
"Tekko Prime Set","2021-09-12 00:00:00","3.79","275","77.7","3.54","-92","22","18","509"
"Tenora Prime Barrel","2021-09-12 00:00:00","10.0","100","9.63","10.38","38","14","4","156"
"Tenora Prime Blueprint","2021-09-12 00:00:00","3.75","15","4.02","3.73","17","-2","3","181"
"Tenora Prime Receiver","2021-09-12 00:00:00","7.14","100","14.15","7.07","-3","3","1","163"
"Tenora Prime Set","2021-09-12 00:00:00","6.5","260","42.78","6.08","30","6","2","291"
"Tenora Prime Stock","2021-09-12 00:00:00","5.62","45","7.83","5.75","-3","-9","-1","161"
"Tiberon Prime Barrel","2021-09-12 00:00:00","7.22","65","8.74","7.43","-11","2","-2","137"
"Tiberon Prime Blueprint","2021-09-12 00:00:00","6.25","25","4.58","5.46","-20","-2","-5","190"
"Tiberon Prime Receiver","2021-09-12 00:00:00","2.14","15","7.1","2.11","-40","4","-2","155"
"Tiberon Prime Set","2021-09-12 00:00:00","6.41","205","34.75","5.9","69","14","-5","334"
"Tiberon Prime Stock","2021-09-12 00:00:00","6.67","100","16.54","6.05","17","1","4","128"
"Tigris Prime Barrel","2021-09-12 00:00:00","6.43","45","7.66","5.88","2","17","8","255"
"Tigris Prime Blueprint","2021-09-12 00:00:00","2.94","100","32.38","3.09","-23","-4","-7","84"
"Tigris Prime Receiver","2021-09-12 00:00:00","5.0","45","9.04","4.98","8","2","16","294"
"Tigris Prime Set","2021-09-12 00:00:00","3.42","205","63.24","3.24","-20","-9","-4","423"
"Tigris Prime Stock","2021-09-12 00:00:00","1.67","15","9.18","1.63","-17","3","-5","207"
"Tipedo Prime Blueprint","2021-09-12 00:00:00","3.33","15","4.46","3.36","-24","4","-6","137"
"Tipedo Prime Handle","2021-09-12 00:00:00","3.5700000000000003","100","27.99","3.5700000000000003","-31","-10","-19","124"
"Tipedo Prime Ornament","2021-09-12 00:00:00","4.5","45","9.56","4.7","-16","18","-4","154"
"Tipedo Prime Set","2021-09-12 00:00:00","3.42","205","63.35","3.24","-47","-20","-7","457"
"Titania Prime Blueprint","2021-09-12 00:00:00","5.62","45","8.19","5.5","-6","-7","9","363"
"Titania Prime Chassis","2021-09-12 00:00:00","3.0","15","5.48","2.74","-52","-50","2","405"
"Titania Prime Neuroptics","2021-09-12 00:00:00","11.25","45","4.51","9.97","-17","-10","6","616"
"Titania Prime Set","2021-09-12 00:00:00","5.86","205","42.13","4.87","3","6","-6","1009"
"Titania Prime Systems","2021-09-12 00:00:00","6.25","100","16.63","6.01","2","11","-1","264"
"Trinity Prime Blueprint","2021-09-12 00:00:00","1.55","45","29.51","1.52","-15","-26","-21","275"
"Trinity Prime Chassis","2021-09-12 00:00:00","4.5","45","12.53","3.59","-9","-24","0","528"
"Trinity Prime Neuroptics","2021-09-12 00:00:00","1.25","25","20.27","1.23","-20","-12","-4","313"
"Trinity Prime Set","2021-09-12 00:00:00","1.4100000000000001","130","98.2","1.32","-14","-8","-1","1528"
"Trinity Prime Systems","2021-09-12 00:00:00","0.75","15","19.4","0.77","-29","-18","1","210"
"Valkyr Prime Blueprint","2021-09-12 00:00:00","1.88","15","8.27","1.81","-29","-6","26","401"
"Valkyr Prime Chassis","2021-09-12 00:00:00","1.67","100","61.84","1.62","-42","-17","-3","95"
"Valkyr Prime Neuroptics","2021-09-12 00:00:00","4.5","45","10.0","4.5","11","-3","-4","208"
"Valkyr Prime Set","2021-09-12 00:00:00","2.25","225","105.2","2.14","-13","-5","-5","656"
"Valkyr Prime Systems","2021-09-12 00:00:00","4.33","65","14.7","4.42","1","-2","-3","239"
"Vasto Prime Barrel","2021-09-12 00:00:00","1.25","15","12.62","1.19","-41","-47","-25","156"
"Vasto Prime Blueprint","2021-09-12 00:00:00","4.5","45","9.68","4.65","-1","9","-6","170"
"Vasto Prime Receiver","2021-09-12 00:00:00","1.0","15","14.06","1.07","-33","-18","-11","132"
"Vasto Prime Set","2021-09-12 00:00:00","1.88","75","44.49","1.69","-13","-8","-4","472"
"Vauban Prime Blueprint","2021-09-12 00:00:00","1.71","65","37.22","1.75","-7","24","-2","244"
"Vauban Prime Chassis","2021-09-12 00:00:00","0.8300000000000001","25","29.29","0.85","-17","-10","1","218"
"Vauban Prime Neuroptics","2021-09-12 00:00:00","1.67","100","58.95","1.7000000000000002","-1","7","7","201"
"Vauban Prime Set","2021-09-12 00:00:00","1.31","290","229.28","1.26","-16","-15","0","378"
"Vauban Prime Systems","2021-09-12 00:00:00","1.12","100","88.93","1.12","-21","-15","3","231"
"Vectis Prime Barrel","2021-09-12 00:00:00","0.43","15","36.93","0.41000000000000003","-13","-13","0","182"
"Vectis Prime Blueprint","2021-09-12 00:00:00","4.5","45","11.21","4.01","-14","-1","0","375"
"Vectis Prime Receiver","2021-09-12 00:00:00","1.27","100","77.72","1.29","-6","-3","-6","79"
"Vectis Prime Set","2021-09-12 00:00:00","1.29","225","172.98","1.3","-8","-4","-2","398"
"Vectis Prime Stock","2021-09-12 00:00:00","1.62","65","43.13","1.51","-32","0","-4","144"
"Venka Prime Blades","2021-09-12 00:00:00","1.07","15","14.2","1.06","-25","-12","-14","146"
"Venka Prime Blueprint","2021-09-12 00:00:00","6.43","45","7.86","5.72","-11","-1","-1","322"
"Venka Prime Gauntlet","2021-09-12 00:00:00","2.22","100","45.5","2.2","-1","-6","0","113"
"Venka Prime Set","2021-09-12 00:00:00","1.96","275","141.87","1.94","-30","-20","-1","214"
"Volnus Prime Blueprint","2021-09-12 00:00:00","3.0","15","5.6","2.68","65","1","-3","162"
"Volnus Prime Handle","2021-09-12 00:00:00","5.0","100","19.42","5.15","-41","-27","-16","105"
"Volnus Prime Head","2021-09-12 00:00:00","4.5","45","9.92","4.54","40","39","2","330"
"Volnus Prime Set","2021-09-12 00:00:00","4.0","160","43.74","3.66","11","12","1","315"
"Volt Prime Blueprint","2021-09-12 00:00:00","0.66","25","39.41","0.63","-13","-14","0","612"
"Volt Prime Chassis","2021-09-12 00:00:00","3.0","45","15.56","2.89","11","-10","-2","1564"
"Volt Prime Neuroptics","2021-09-12 00:00:00","0.72","65","96.0","0.68","-12","-12","0","1015"
"Volt Prime Set","2021-09-12 00:00:00","1.0","180","187.66","0.96","-16","-13","-1","2551"
"Volt Prime Systems","2021-09-12 00:00:00","1.29","45","35.64","1.26","-26","-19","-4","367"
"Wukong Prime Blueprint","2021-09-12 00:00:00","2.0","100","50.19","1.99","8","-3","-3","216"
"Wukong Prime Chassis","2021-09-12 00:00:00","5.62","45","8.46","5.32","-68","-9","15","652"
"Wukong Prime Neuroptics","2021-09-12 00:00:00","2.14","15","7.6","1.97","-74","-3","3","518"
"Wukong Prime Set","2021-09-12 00:00:00","2.56","205","94.8","2.16","-4","-18","-15","4653"
"Wukong Prime Systems","2021-09-12 00:00:00","4.5","45","12.44","3.62","-17","-23","-1","515"
"Wyrm Prime Blueprint","2021-09-12 00:00:00","1.0","15","14.67","1.02","-18","-14","-2","108"
"Wyrm Prime Carapace","2021-09-12 00:00:00","0.21","15","70.55","0.21","-14","-14","0","133"
"Wyrm Prime Cerebrum","2021-09-12 00:00:00","0.43","15","35.7","0.42","-16","-14","0","149"
"Wyrm Prime Set","2021-09-12 00:00:00","0.4","90","226.84","0.4","-15","-15","0","188"
"Wyrm Prime Systems","2021-09-12 00:00:00","0.5700000000000001","45","78.1","0.58","-13","-13","0","101"
"Zakti Prime Barrel","2021-09-12 00:00:00","9.0","45","5.17","8.71","-27","0","-24","183"
"Zakti Prime Blueprint","2021-09-12 00:00:00","10.0","100","11.62","8.61","-6","-28","-37","108"
"Zakti Prime Receiver","2021-09-12 00:00:00","3.75","15","3.79","3.96","5","12","0","196"
"Zakti Prime Set","2021-09-12 00:00:00","6.4","160","27.25","5.87","5","1","0","431"
"Zephyr Prime Blueprint","2021-09-12 00:00:00","6.5","65","9.59","6.78","5","-3","-1","236"
"Zephyr Prime Chassis","2021-09-12 00:00:00","5.0","25","4.97","5.03","92","-5","56","227"
"Zephyr Prime Neuroptics","2021-09-12 00:00:00","2.14","15","7.38","2.03","51","-1","-4","285"
"Zephyr Prime Set","2021-09-12 00:00:00","3.15","205","79.42","2.58","1","-1","-3","975"
"Zephyr Prime Systems","2021-09-12 00:00:00","3.33","100","28.97","3.45","50","2","-3","154"
"Zhuge Prime Barrel","2021-09-12 00:00:00","6.67","100","16.38","6.1","-9","-11","5","113"
"Zhuge Prime Blueprint","2021-09-12 00:00:00","11.25","45","4.76","9.46","-8","-8","2","212"
"Zhuge Prime Grip","2021-09-12 00:00:00","3.0","15","4.99","3.01","-22","-3","-1","155"
"Zhuge Prime Receiver","2021-09-12 00:00:00","4.5","45","9.54","4.72","-35","4","-5","92"
"Zhuge Prime Set","2021-09-12 00:00:00","5.5","220","44.93","4.9","7","-13","21","321"
"Zhuge Prime String","2021-09-12 00:00:00","2.14","15","7.41","2.02","3","-8","2","117"
